ID|Name|Description|Duration|StartTime|EndTime
1|Paw Massage|Relaxing massage and pawdicure|15|08:30|20:00
2|Hair Styling|Stylish look from our resident groomer|60|09:00|16:30
5|Belly Rubs|Authentic belly rubs, verbal praise included|15|08:00|20:00
6|Swimming Assistance|Our qualified assistant will throw ducks and balls in the water|30|08:30|16:00
7|Hiking Guide|Our guide will show the best trails and throw sticks|60|07:30|17:30
9|Deluxe Frisbee Throwing|Exciting time at our frisbee court with our qualified assistants|30|10:00|17:00
10|Bone Tasting Tour|2-hour tour of the local farms, sampling the finest bone delicacies|120|08:00|14:00